COUNTRY,ISO3,Earthquake,Flood,Tsunami,Tropical Cyclone,Drought,Natural,Projected Conflict Risk,Current Highly Violent Conflict Intensity,Human,HAZARD & EXPOSURE,Development & Deprivation,Inequality,Aid Dependency,Socio-Economic Vulnerability,Uprooted people,Health Conditions,Children U5,Recent Shocks,Food Security,Other Vulnerable Groups,Vulnerable Groups,VULNERABILITY,DRR,Governance,Institutional,Communication,Physical infrastructure,Access to health care,Infrastructure,LACK OF COPING CAPACITY,INFORM RISK
,,,,,,,,,,,,,,,,,,,,,,,,,,,,,,,,
Somalia,SOM,0,6.7,6.3,0,9.1,5.6,9.9,10,10,5.6,8.8,0,3.9,7.2,10,5.5,8.6,7.5,8.5,7.7,9.2,8.4,0,9.3,9.3,9.9,9.5,10,9.8,9.6,7.6
Myanmar,MMR,9.4,10,10,9.7,0,9.1,9.5,7,7,9.1,6.6,5.7,0.2,4.8,7.6,3.8,4.5,0.1,4.7,3.5,6,5.4,7.1,8,7.5,6.6,5,7.5,6.4,7,7
Afghanistan,AFG,8.9,7.9,0,0,6.8,5.9,9.9,10,10,5.9,6.3,5.1,9.9,6.9,8.2,2.2,7.4,0.5,6.6,4.8,6.9,6.9,7.3,8.5,7.9,8,8.2,9.2,8.5,8.2,6.9
Haiti,HTI,6.1,9,0,7.7,3.3,6.1,5.2,0,3.6,6.1,6,8.3,8.3,7.1,0,3.3,4.1,0.7,9.1,5.3,3.1,5.4,6.7,8.1,7.4,8.1,8.3,9.9,8.8,8.2,6.5
Bangladesh,BGD,8.7,10,10,9.8,3.1,9.1,8.7,0,6.1,9.1,5.1,4.4,0.8,3.8,6.6,2.8,6.2,1.4,4.2,3.9,5.4,4.7,3.2,7,5.1,7.3,5.6,6.6,6.5,5.8,6.3
Mozambique,MOZ,2.4,8.6,3.9,5.7,5.1,5.6,4.2,0,2.9,5.6,7.7,7,6.5,7.2,2.1,8.9,5.4,0.8,6.5,6.1,4.4,6,2.5,6.6,4.6,8.7,9.5,8.1,8.8,7.2,6.2
Pakistan,PAK,8.9,8.4,7.7,5,3.4,7.1,9.9,8,8,7.1,5.3,4.4,0.6,3.9,8.1,2.4,6.8,1.5,5.9,4.5,6.7,5.4,4,6.9,5.5,6.7,5.1,7.3,6.4,5.9,6.1
Sudan,SDN,0,8.5,0,0,6.7,4.2,10,9,9,4.2,7.3,5.5,1.6,5.4,9.7,4.5,6.5,2.5,7.9,5.7,8.4,7.2,4.9,8.5,6.7,6.7,9.1,7.5,7.8,7.3,6
South Sudan,SSD,2.3,5.4,0,0,5.2,2.9,9.9,9,9,2.9,6.8,5.1,7.7,6.6,10,5,7.6,0.3,6.1,5.3,8.6,7.7,0,8.3,8.3,9.3,9.4,9.6,9.4,8.9,5.9
Congo DR,COD,4,8,0,0,0,3.2,10,7,7,3.2,8.4,6.9,4.4,7,9,7.4,7.7,0,8.9,6.9,8.1,7.6,0,8,8,8.5,9.1,8.3,8.6,8.3,5.9
Chad,TCD,0,6.3,0,0,5.7,3,8.4,0,5.9,3,8.9,6.6,2.8,6.8,8.5,6.5,8.8,10,8,8.6,8.6,7.8,0,8,8,9.3,9.8,9.6,9.6,8.9,5.9
Ethiopia,ETH,5.2,7.1,0,0,5.9,4.2,9,0,6.3,4.2,8.5,4.7,3.4,6.3,7.8,3.4,5.7,1.5,7.1,4.8,6.5,6.4,3.4,6.4,4.9,9,9.3,9.5,9.3,7.7,5.9
Solomon Islands,SLB,5.4,0,9.1,0.9,2.5,4.7,0,0,0,4.7,7.1,0,10,8,0,2.2,2.4,9.6,3.8,5.7,3.3,6.2,6.6,6.7,6.7,8.4,7.2,7.5,7.7,7.2,5.9
India,IND,7.9,10,7.8,8.3,5,8.2,10,0,7,8.2,5.2,4.9,0.1,3.8,6.2,1.6,6.8,0.2,4,3.6,5,4.4,3.5,5.9,4.7,6.2,3.4,8.1,5.9,5.3,5.8
Kenya,KEN,4.1,6,4,0,5.6,4.2,9.3,7,7,4.2,5.2,6.5,3.6,5.1,8.4,7.4,4.5,2.4,7.1,5.7,7.3,6.3,4.7,6.6,5.7,6.7,8.3,7,7.3,6.6,5.6
Niger,NER,0,6.1,0,0,6.3,3.1,6.5,0,4.5,3.1,9.6,5.7,6,7.7,5.4,4.7,8.2,5.4,3.9,5.8,5.6,6.8,5.7,6.5,6.1,9.5,9.8,8.9,9.4,8.2,5.6
Nepal,NPL,9.9,10,0,0,2.1,6.8,5.4,0,3.8,6.8,5,4.2,1.9,4,5.5,1.7,4.8,0.1,3.7,2.7,4.2,4.1,5.8,6.9,6.3,6.5,6.2,6.6,6.4,6.4,5.6
Mauritania,MRT,0,3.3,0,0,9.3,3.9,3.3,0,2.3,3.9,6.6,6.2,6.3,6.4,6.6,5.8,5.6,4.6,3.2,4.9,5.8,6.1,4.8,6.9,5.9,7.1,9.4,8.5,8.3,7.3,5.6
Guatemala,GTM,9,5.3,9.3,1.7,3.5,6.8,5.2,0,3.7,6.8,5,7.4,0.7,4.5,7.1,1.1,2.6,2.6,3.8,2.6,5.3,4.9,4.3,6.8,5.5,4.6,4.3,6,5,5.2,5.6
Madagascar,MDG,0,5.7,0,10,4.3,5.6,1.3,0,0.9,5.6,7,4.8,1.7,5.1,0,3.5,6.2,0.5,6.8,4.7,2.7,4,3.9,7.2,5.6,8.2,9.7,9.1,9,7.7,5.6
Timor-Leste,TLS,6,3.4,9.1,0,0.4,4.9,0.8,0,0.5,4.9,5.2,1.7,6.7,4.7,1.5,9.5,7.1,0,7,7,4.8,4.8,6.3,7.3,6.8,7.7,6.3,9.7,7.9,7.4,5.6
Syria,SYR,6.2,6,3.5,0,4.8,4.4,9.1,10,10,4.4,2.7,5.1,2.4,3.2,10,0.4,1.7,0,2.3,1.2,7.8,6,4.6,8,6.3,4.7,3.3,8.5,5.5,5.9,5.4
Tanzania,TZA,4.4,5.5,4.7,0,4.8,4.1,5.5,0,3.9,4.1,6.4,5.3,4.5,5.6,5.2,6.7,3.8,0.6,7.7,5.3,5.3,5.5,4.3,6.5,5.4,7.6,9.5,6.8,8,6.9,5.4
Philippines,PHL,10,9.6,10,9.6,3.4,9.3,8.4,7,7,9.3,2.8,5,0.1,2.6,4.9,2.9,3.5,7.1,2.5,4.3,4.6,3.7,4.3,5.6,4.9,3.5,3.4,6.5,4.4,4.7,5.4
Iraq,IRQ,6.6,6.1,0,0,2,3.5,9.5,10,10,3.5,3,4.3,1.5,3,9.9,0.7,2.1,0,5.3,2.3,7.9,6,0,7.8,7.8,5,4.7,8.6,6.1,7,5.3
Colombia,COL,8.2,8.3,5.1,2.1,1.4,5.8,8.5,7,7,5.8,2.2,6.9,0.5,3,10,0.6,1,0.1,3.3,1.4,7.8,5.9,3.1,5.7,4.4,2.9,4.4,5.1,4.2,4.3,5.3
Iran,IRN,10,7.5,7,0,4.8,7,7.4,0,5.2,7,3.1,5.1,0,2.8,7.8,0.3,1.2,0,1.1,0.7,5.2,4.1,4.4,6.9,5.7,4.2,3.8,5,4.3,5,5.3
Papua New Guinea,PNG,6.7,3.8,4.3,0,1.8,3.7,2.4,0,1.7,3.7,7.1,8.2,3.2,6.4,3.3,4.6,4.4,1,2.3,3.2,3.3,5,6.7,7,6.8,8.3,9.6,9.2,9,8.1,5.3
Djibouti,DJI,4.6,2,0,0,9.6,4.6,0.6,0,0.4,4.6,5.4,3.7,4.5,4.7,5.6,4.2,6,0,4.8,4,4.9,4.8,5.5,6.9,6.2,9.1,5,7.6,7.3,6.8,5.3
Mali,MLI,0,5.3,0,0,6,2.8,9.2,8,8,2.8,8.6,5.5,5.5,7.1,6.2,4.5,7.8,5.9,2.7,5.5,5.9,6.5,5.4,6.9,6.2,8.4,8.4,9.9,8.9,7.8,5.2
Uganda,UGA,4.4,4.9,0,0,5.2,3.2,7.1,8,8,3.2,6.6,5.9,3.7,5.7,7.1,7.7,4.4,0.1,6,5.1,6.2,6,0,6.8,6.8,7.7,6.8,8,7.5,7.1,5.2
Vanuatu,VUT,7.1,0,5.7,8.6,1.1,5.4,0,0,0,5.4,3.8,0,9.5,5.7,0,1.1,2,7.9,1.8,3.9,2.2,4.2,5.4,5.4,5.4,6.6,5.3,9.8,7.2,6.4,5.2
Lebanon,LBN,5.9,2.9,8.6,0,1.7,4.7,4.4,0,3.1,4.7,2.8,5.5,5.5,4.2,10,0.3,0.8,0,1.7,0.7,7.7,6.3,4.6,6.5,5.6,2.9,2.6,4.2,3.3,4.5,5.1
Libya,LBY,5.5,2.4,8,0,3.3,4.5,8.5,8,8,4.5,2.5,2.9,1.2,2.3,7.9,1.2,1.2,0,1,0.9,5.4,4,0,8.2,8.2,3.2,6.4,4.7,4.8,6.9,5
Indonesia,IDN,8.4,8.7,10,0.7,2.3,7.5,9.2,0,6.4,7.5,2.4,5,0,2.5,4.5,2.1,3.3,0.4,3.6,2.4,3.5,3,3.8,6.1,5,4.3,5.3,8,5.9,5.4,5
Peru,PER,9.9,6.1,10,0,4.9,7.7,5.6,0,3.9,7.7,2.1,5.5,0.4,2.5,6,1,1.1,1.3,3,1.6,4.2,3.4,3.7,5.7,4.7,3.7,5,5.8,4.8,4.8,5
Eritrea,ERI,2.2,2.7,0,0,6.9,2.8,2.2,0,1.6,2.8,8.8,0,1.9,6.5,3.8,1.4,5.8,0,9.8,5.9,4.9,5.7,0,8,8,8.1,9.2,5,7.4,7.7,5
Burundi,BDI,3.9,4,0,0,4.3,2.7,6.6,0,4.6,2.7,8.1,4.4,6.1,6.7,6.5,4.1,7.1,0.1,9.9,6.7,6.6,6.6,6,7.5,6.8,7.2,6,5.8,6.3,6.5,4.9
Benin,BEN,0,9.8,0,0,0,3.9,1.6,0,1.1,3.9,7,5.8,3.4,5.8,0,4.5,5.5,0.3,4,3.8,2.1,4.2,0,6.3,6.3,8.1,7.7,8.9,8.3,7.4,4.9
Lao PDR,LAO,3.7,9.8,0,0.7,1.4,4.7,2.3,0,1.6,4.7,4.6,5,2.8,4.3,2.5,3.3,5.7,1.1,6.2,4.4,3.5,3.9,4.3,7,5.6,5.7,6.2,8.8,6.9,6.3,4.9
Ecuador,ECU,9,5.7,10,0,2.2,7,1.1,0,0.7,7,3.7,5.9,0.3,3.4,6.1,1,1.6,0.2,3.7,1.7,4.3,3.8,2.8,6.2,4.5,3.4,4.5,5,4.3,4.4,4.9
Malawi,MWI,3.8,5.5,0,0,5.2,3.3,0.5,0,0.4,3.3,7.1,6.3,6.3,6.7,2.5,6.3,4.1,3.4,5.2,4.9,3.8,5.4,4.5,6.2,5.3,8.6,7.4,7.4,7.8,6.7,4.9
Turkey,TUR,9.9,7.2,7.8,0,1.1,6.7,7.9,0,5.5,6.7,2.9,4.3,1,2.8,8.6,0.2,1.1,0,1.2,0.6,6,4.6,2.8,4.6,3.7,4.1,2.7,4.1,3.6,3.7,4.8
Cambodia,KHM,0,10,2.9,0,3.6,5,5.2,0,3.7,5,4.7,5,3.1,4.3,0,4,4.7,0.2,4.7,3.6,2,3.2,6.8,7.4,7.1,6.2,7.1,6.9,6.7,6.9,4.8
Yemen,YEM,0.2,0,5.8,0,2.8,2.1,9.9,10,10,2.1,5.3,6.5,1.8,4.7,8.1,0.6,6.8,0.1,5.7,3.9,6.4,5.6,9.2,7.8,8.5,7,7.8,8.8,7.9,8.2,4.6
Nigeria,NGA,0,7.9,0,0,0,2.4,9.9,9,9,2.4,5.6,6,0.4,4.4,8.3,6.4,7.5,1,3.8,5.2,7,5.9,2.8,7.3,5,6.6,8,9.5,8,6.8,4.6
Azerbaijan,AZE,8,5.4,0,0,2.6,4,5.3,0,3.7,4,1.8,3.4,0.9,1.9,8.9,0.9,2.2,0.1,1.3,1.1,6.4,4.5,0,6.6,6.6,3.1,4,6.1,4.4,5.6,4.6
Sri Lanka,LKA,0,8.3,10,3.2,2.7,6.4,7.4,0,5.2,6.4,3.1,4,0.9,2.7,5.6,0.7,2.8,3.4,4.7,3,4.4,3.6,3.6,5.9,4.8,4.4,0.7,6.1,3.7,4.3,4.6
Burkina Faso,BFA,0,4.6,0,0,5.6,2.4,2.6,0,1.9,2.4,8.6,5.9,5.1,7,4.4,4.5,6.6,4.2,5,5.2,4.8,6,3.3,6.2,4.8,8.9,7.5,7.6,8,6.7,4.6
Cameroon,CMR,1,6.8,0,0,2.8,2.6,2.5,0,1.7,2.6,5.7,5.9,1.3,4.7,6.1,7.8,5.5,0.1,3.1,4.7,5.5,5.1,0,7.1,7.1,6.7,7,8,7.2,7.2,4.6
Korea DPR,PRK,0,8.3,0,1.9,2.3,3.4,1.7,0,1.2,3.4,7.1,0,0.2,4.8,0,4.6,3.1,4.9,8.9,5.9,3.5,4.2,0,9,9,5.8,3.7,0,3.2,7,4.6
Egypt,EGY,6,8.1,8.3,0,1.1,5.7,7.1,7,7,5.7,2.5,4.6,0.5,2.6,6,0.2,1.6,0,2.7,1.2,4,3.3,4.2,6.8,5.5,3.7,3.2,4.5,3.8,4.7,4.5
Tajikistan,TJK,9.5,6,0,0,5.7,5.5,7.2,0,5,5.5,3.2,3.3,2.7,3.1,1.7,1.2,3.3,0.1,8,3.9,2.9,3,4.6,7.5,6,4.7,5,5.4,5.1,5.6,4.5
Taiwan,TWN,8,8.3,7.7,9.3,4.6,7.9,9,0,6.3,7.9,2.1,3.5,0,1.9,5.2,0.7,0.9,1.6,3.6,1.8,3.7,2.9,2.5,5.5,4,3.2,4.2,5,4.1,4.1,4.5
China,CHN,8,8.3,7.7,9.3,4.6,7.9,9,0,6.3,7.9,2.1,3.5,0,1.9,5.2,0.7,0.9,1.6,3.6,1.8,3.7,2.9,2.5,5.5,4,3.2,4.2,5,4.1,4.1,4.5
Rwanda,RWA,4.1,4.8,0,0,4.1,2.9,2.3,0,1.6,2.9,6.4,6,6,6.2,5.7,3.7,3.3,0,6.9,3.9,4.9,5.6,3.5,4.9,4.2,7.7,5.5,6.7,6.6,5.5,4.5
Fiji,FJI,4.9,0,9.6,9.5,1.9,6.8,0,0,0,6.8,3.5,4.5,3.1,3.6,0,0.5,1.8,0.8,2,1.3,0.7,2.3,5.8,6.9,6.4,5.9,3.7,6.1,5.2,5.8,4.5
Bhutan,BTN,7.1,9.1,0,0,0,4.7,0.1,0,0.1,4.7,4.1,5,7.1,5.1,0,1.5,2.8,0,4.1,2.2,1.2,3.4,6.4,4,5.2,7.3,5,6.7,6.3,5.8,4.5
Zimbabwe,ZWE,0.1,3.3,0,0.2,6,2.3,6.4,0,4.5,2.3,5.4,6.9,4.4,5.5,4.8,6.9,4.5,3,7.9,5.9,5.4,5.4,0,7.6,7.6,5.8,6.4,6.1,6.1,6.9,4.4
Senegal,SEN,0,5.7,0,0,5.8,2.8,5.8,0,4,2.8,6.8,5.5,4.2,5.8,4.7,4,3.7,2.2,5.5,3.9,4.3,5.1,3.6,5.9,4.8,6.7,6.7,7.8,7.1,6.1,4.4
Mexico,MEX,8.5,7.8,7.5,8.4,3.7,7.5,9.5,9,9,7.5,1.8,5.3,0.1,2.2,5.4,0.3,0.9,0,1.6,0.7,3.4,2.8,2.8,5.5,4.1,4.4,3.8,3.9,4.1,4.1,4.4
Central African Republic,CAF,0.5,4.3,0,0,0,1.1,9.7,10,10,1.1,8.5,8.3,6,7.8,9.1,8.9,8.1,0.1,8.9,7.6,8.4,8.1,0,8,8,8.7,8.3,10,9,8.6,4.3
Russian Federation,RUS,6.9,7.9,0,1.1,4,4.7,9.3,7,7,4.7,2.6,4,0,2.3,6.4,2.2,0.8,0,1.8,1.2,4.3,3.4,0,6.5,6.5,1.9,4.5,1.8,2.7,4.9,4.3
Venezuela,VEN,8,6.3,0.5,0.7,0.9,4.1,6.1,0,4.2,4.1,2.9,5.6,0,2.8,6.4,0.7,1,0,3.6,1.4,4.4,3.6,5.5,7.6,6.5,2.9,3.9,5.6,4.1,5.5,4.3
Thailand,THA,3.4,10,3.4,1.3,5.3,5.9,7.4,0,5.2,5.9,1.9,4.2,0,2,5.7,1.7,1.3,5.1,3.3,3,4.5,3.4,3.5,5.5,4.5,3.5,3.1,4.6,3.7,4.1,4.3
Georgia,GEO,8,6.4,0,0,2.5,4.2,5.6,0,3.9,4.2,1.8,4.3,4.2,3,8,1.2,0.6,0.8,3.3,1.6,5.7,4.5,5.3,4.5,4.9,3.4,3.1,3.3,3.2,4.1,4.3
Jordan,JOR,6.5,2.8,0,0,3.7,3,2.3,0,1.6,3,1.7,4.6,6.5,3.6,9.7,0.2,1.1,0,1.1,0.6,7.3,5.8,6.1,5.4,5.7,2.5,3.5,4.1,3.4,4.7,4.3
Honduras,HND,6.6,6.3,4.2,4.1,4.6,5.3,3.2,0,2.2,5.3,3.6,7.2,2.6,4.2,0,0.8,1.6,0.6,2.9,1.5,0.8,2.7,5.2,6.9,6.1,4.7,4.5,6.5,5.2,5.7,4.3
Dominican Republic,DOM,8.6,8.2,0,10,0.6,7.1,2.4,0,1.7,7.1,2.3,6.1,0.6,2.8,0.8,1.1,1.5,0.2,4.5,2,1.4,2.2,4.7,6.5,5.6,3.4,4.7,6.7,4.9,5.3,4.3
Palestine,PSE,6.3,1.6,1.3,0,1.1,2.4,8.6,9,9,2.4,4.1,2.6,10,5.2,8.3,0,1.7,0.2,8.1,4.4,6.8,6,6.3,6.6,6.4,3.8,3,0,3.4,5.1,4.2
Lesotho,LSO,0,3.5,0,0,5,2,1.5,0,1.1,2,5.7,7.1,6.1,6.2,0,8.9,5.3,8.7,3.4,7.2,4.5,5.4,7.9,5.4,6.7,7.4,6.8,6.5,6.9,6.8,4.2
Nicaragua,NIC,9.5,4.1,1.4,3.8,3,5.3,2.9,0,2,5.3,3.5,5,3.8,4,0,0.5,1.5,0.4,4.1,1.8,0.9,2.6,4.7,6.9,5.8,5.3,5.8,4.5,5.2,5.5,4.2
Namibia,NAM,0,3.8,0,0,7,2.7,1.4,0,1,2.7,4.2,7.9,3,4.8,2.2,7.2,3.9,7.7,7.4,6.7,4.9,4.9,4.3,4.9,4.6,6,6.3,7.7,6.6,5.7,4.2
El Salvador,SLV,7.4,4.4,9.5,0,2.8,5.9,1.5,0,1,5.9,4.4,5.9,1.1,4,0,0.6,1.3,0,4,1.6,0.8,2.5,5.2,5.7,5.4,3.7,4.4,5.4,4.5,5,4.2
Comoros,COM,0,0,6.1,0.3,1.1,1.9,0.1,0,0.1,1.9,7.1,9.8,5.6,7.4,0,4.5,6,3.1,4.8,4.7,2.7,5.5,7.8,7.5,7.6,7.6,5.2,6.8,6.5,7.1,4.2
Zambia,ZMB,1.3,4.3,0,0,3.7,2,2.9,0,2,2,5.7,8.2,3,5.6,3.7,8.7,5,0,6.8,5.9,4.9,5.3,3.5,6.1,4.8,7.5,7.7,6.9,7.4,6.3,4.1
Serbia,SRB,6.5,8.8,0,0,0.6,4.4,2.7,0,1.9,4.4,1.7,1.2,4.4,2.3,7,0.4,0.5,0.4,2.7,1,4.7,3.6,5,5.2,5.1,3.7,2.4,4.6,3.6,4.4,4.1
Viet Nam,VNM,3.1,10,8.4,8.5,3.4,7.7,1.7,0,1.2,7.7,2.9,3.5,1.8,2.8,0,1.6,3.2,0.1,3.4,2.2,1.1,2,4.4,6.2,5.3,2.6,3.5,5.7,3.9,4.7,4.1
CÃ´te d'Ivoire,CIV,0,5.3,0,0,0.6,1.5,5.6,0,3.9,1.5,7.7,6.4,5.8,6.9,5.6,6,5.6,0,4.2,4.3,5,6,7.1,7.2,7.2,6.7,7,7.6,7.1,7.1,4
Kyrgyzstan,KGZ,9.6,5.4,0,0,5.2,5.4,3.5,0,2.5,5.4,2.9,3.4,4.2,3.4,0.9,1.5,1.3,0,2,1.2,1.1,2.3,5,7,6,4,4.1,4.6,4.2,5.2,4
Turkmenistan,TKM,7.8,5.2,0,0,3.3,4,1.3,0,0.9,4,3.9,0,0.2,2.6,2.5,0.9,4.2,0,1.2,1.7,2.1,2.4,0,8,8,5.2,5.2,4.7,5.1,6.7,4
Bosnia and Herzegovina,BIH,6.4,6.1,0,0,2.2,3.5,0.2,0,0.1,3.5,1.9,2.7,4.3,2.7,7.1,1.3,0.4,0.1,1.7,0.9,4.7,3.8,0,5.9,5.9,3.2,2.6,4.7,3.5,4.8,4
Angola,AGO,0,3.6,0,0,4.4,1.8,7,0,4.9,1.8,6.5,4.4,0.3,4.4,3.9,7.1,6.7,2.1,5.8,5.7,4.9,4.7,5.3,7.6,6.4,6.9,7.8,6.5,7.1,6.8,3.9
South Africa,ZAF,0.3,5.3,5,0,4.8,3.4,7.1,0,5,3.4,2.8,7.8,0.6,3.5,4.2,6.7,2.7,0.1,2.4,3.4,3.8,3.7,0,5,5,3.3,4,6.7,4.6,4.8,3.9
Bolivia,BOL,5.9,6.6,0,0,4,3.8,3.2,0,2.2,3.8,3.1,7.1,2.2,3.9,0.8,1.5,2,1.4,4.4,2.4,1.7,2.8,5.6,6.2,5.9,4,6,6.5,5.5,5.7,3.9
Armenia,ARM,8,5.1,0,0,3.4,4,0.2,0,0.1,4,1.9,3,3.1,2.4,4.7,0.6,1.2,1.1,3,1.5,3.3,2.9,7.5,5.6,6.6,3.7,3.1,4.2,3.7,5.3,3.9
Gambia,GMB,0,3.5,0,0,3.4,1.5,0.2,0,0.2,1.5,6.8,6.9,6.6,6.8,4,6.5,4.6,5.9,3.8,5.3,4.7,5.8,0,6.8,6.8,7.6,4.8,6.9,6.4,6.6,3.9
Ukraine,UKR,2.8,7.6,0,0,1.5,3,7.5,9,9,3,1.8,2.3,0.5,1.6,7.1,2.1,0.5,0,1.6,1.1,4.8,3.4,0,6.9,6.9,3.4,3.1,4.9,3.8,5.6,3.8
Guinea-Bissau,GNB,0,2.8,0,0,2.4,1.1,3,0,2.1,1.1,8.4,2.6,4.4,6,3.9,7.8,6.7,0,4.6,5.4,4.7,5.4,9.9,8,9,8,7.8,9.2,8.3,8.7,3.8
Tonga,TON,0,0,0,8.5,0,2.8,0,0,0,2.8,3.8,6.1,10,5.9,0,0.5,0.9,3.8,2.3,2,1,3.9,5.8,5.4,5.6,4.7,1.7,6.3,4.2,5,3.8
Kiribati,KIR,0.9,0,0,0,5.1,1.5,0,0,0,1.5,5.3,0,10,6.8,0,10,4.5,0.2,0.9,5.8,3.4,5.4,0,6.7,6.7,9.2,5.7,6.8,7.2,7,3.8
Guinea,GIN,0,4.2,0,0,0.9,1.2,5.7,0,4,1.2,8.9,3.6,2.7,6,2.7,6.1,5.7,0.1,6.3,5,3.9,5.1,0,7.6,7.6,9.3,7.6,9.9,8.9,8.4,3.7
Algeria,DZA,5.2,5.8,0,0.8,2.6,3.2,7.7,8,8,3.2,3.6,5.7,0.1,3.2,5.2,1.5,1.4,0,0.6,0.9,3.4,3.3,3.5,6.3,4.9,4.7,4.5,5.6,4.9,4.9,3.7
Congo,COG,1.2,4.3,0,0,0,1.3,4.7,0,3.3,1.3,4.7,6.9,1.4,4.4,6,8.4,3.2,0.1,7.9,5.9,5.9,5.2,0,7.6,7.6,6.9,8.1,8.1,7.7,7.7,3.7
Sierra Leone,SLE,0,4.6,0,0,0.6,1.2,3.7,0,2.6,1.2,8,5.6,5.9,6.9,2.1,7.2,7.4,0.3,6.3,5.9,4.2,5.7,3.5,7.1,5.3,9.1,8.8,8.1,8.7,7.3,3.7
Moldova Republic of,MDA,6.3,5.7,0,0,4.6,3.8,6,0,4.2,3.8,2.5,3,4.6,3.2,3,3,0.9,0.1,2.4,1.7,2.4,2.8,6.2,6.1,6.2,3.4,3.2,3.8,3.5,5,3.7
Uzbekistan,UZB,9.8,6.7,0,0,5.7,5.9,4,0,2.8,5.9,2.6,2.9,0.3,2.1,1.9,0.9,2.1,0,2,1.3,1.6,1.8,2.6,7.6,5.1,4.3,3.8,4.4,4.2,4.7,3.7
Belize,BLZ,3.4,5.5,0,8.5,0,4.4,0,0,0,4.4,2,5.8,2.2,3,0.8,1.2,1.2,0,2.1,1.2,1,2.1,0,5.4,5.4,7.6,3.5,5.8,5.6,5.5,3.7
Swaziland,SWZ,0,2.8,0,0,4.7,1.7,3.6,0,2.5,1.7,4.6,6.8,2.5,4.6,1.3,6.7,3.9,0,7.1,4.9,3.3,4,8.3,6,7.1,5.8,6.2,7,6.3,6.8,3.6
Liberia,LBR,0,3.6,0,0,0.6,0.9,1.3,0,0.9,0.9,8,6,8.6,7.7,6.1,6,5,0,7.1,5,5.6,6.7,0,6.9,6.9,8.6,7.9,7.3,8,7.5,3.6
Jamaica,JAM,6.2,0,0,9.9,0.4,5.1,1.8,0,1.3,5.1,3.6,5.6,0.3,3.3,0,1.8,0.8,2,2.8,1.9,1,2.2,3.3,5.6,4.5,3.5,1.2,6.4,3.7,4.1,3.6
Chile,CHL,9.8,6,10,0,0.4,7.2,1.3,0,0.9,7.2,2,5.8,0.2,2.5,1.3,0.6,0.4,3.4,2.4,1.8,1.5,2,3.2,2.7,3,1.8,3.2,4.8,3.3,3.1,3.6
Micronesia,FSM,1.9,0,0,1.9,3.1,1.4,0,0,0,1.4,4.9,9,10,7.2,0,4.9,2.8,0,2.3,2.7,1.4,5,6,6.1,6.1,8.2,4.9,6.7,6.6,6.3,3.6
Togo,TGO,0,4.8,0,0,0,1.2,4.2,0,2.9,1.2,6.1,5.6,3.6,5.3,4.2,5,5.5,0,5,4.2,4.2,4.8,5.8,7.4,6.6,7.8,8.8,8.9,8.5,7.7,3.5
United States of America,USA,7.9,7.7,8.1,8.9,3.6,7.6,4,0,2.8,7.6,0.6,3.7,0,1.2,5,0.7,0.4,0,0.2,0.4,3,2.2,3,2.3,2.7,3.6,1.9,1.9,2.5,2.6,3.5
Botswana,BWA,0,3.9,0,0,6.2,2.5,0.3,0,0.2,2.5,4.1,6.5,1.1,4,2.5,5.5,3,0.2,6.5,4.2,3.4,3.7,4.9,4,4.4,5,4.8,5.9,5.2,4.8,3.5
Saint Lucia,LCA,4.3,0,6,8.5,0.7,4.8,0,0,0,4.8,3.6,0,4.1,3.8,0,0.1,1.1,0,3.7,1.4,0.7,2.4,5.2,3,4.1,4.4,2.6,3.5,3.5,3.8,3.5
Guyana,GUY,0,6.8,0,0,3.6,2.6,0.1,0,0,2.6,2.9,7,4.8,4.4,0,1.7,2.6,0,2.9,1.9,1,2.9,0,6.3,6.3,5.4,4,6.3,5.2,5.8,3.5
Morocco,MAR,2.8,5.7,0,1.1,3.8,2.9,3.1,0,2.2,2.9,5.1,5,1.4,4.2,0.3,1.4,1.5,0,1.6,1.1,0.7,2.6,5.6,5.7,5.7,3.7,5.1,5.8,4.9,5.3,3.4
Panama,PAN,7,2.7,3.7,0,0.4,3.2,3.2,0,2.2,3.2,2.8,6.7,0.5,3.2,4.3,0.9,1.1,0.1,2.9,1.3,2.9,3.1,4.3,5.4,4.8,2.2,4.3,3.1,3.2,4.1,3.4
Paraguay,PRY,0,7.1,0,0,3.8,2.8,2.5,0,1.7,2.8,4.2,6.5,0.5,3.8,0,0.6,1.2,5.9,3.8,3.2,1.7,2.8,3.7,7.2,5.4,3.5,4.3,5,4.3,4.9,3.4
Mongolia,MNG,4.6,4.2,0,0,4.1,2.8,1.3,0,0.9,2.8,2.7,3.6,4.4,3.3,0,3.6,1.8,0,5.8,3.1,1.7,2.5,6,6.1,6,3.6,6,4,4.6,5.3,3.4
Mauritius,MUS,0,0,9.1,9.4,0.4,5.7,0,0,0,5.7,2.8,5,3.3,3.5,0,1.6,1.1,0,2.6,1.3,0.7,2.2,3.3,4,3.7,3.2,1.5,3.8,2.8,3.2,3.4
Saint Kitts and Nevis,KNA,2.9,0,8.4,8.6,0,5.2,0,0,0,5.2,3.1,0,6,4.1,0,0.1,0.8,0,3.1,1.1,0.6,2.5,4.5,3.2,3.8,2.1,0.9,3.8,2.3,3.1,3.4
Costa Rica,CRI,9.5,3.1,4.3,0.7,0.7,4.9,0.2,0,0.1,4.9,2.9,5.5,0.2,2.9,4.2,0.3,0.5,0.1,2.5,0.9,2.7,2.8,1.5,4.4,2.9,2.5,2.1,4,2.9,2.9,3.4
Samoa,WSM,0,0,0,7.6,0,2.3,0,0,0,2.3,3.9,6.9,10,6.2,0,0.5,1.4,1,1.3,1.1,0.6,3.9,4.6,4.7,4.7,4.5,1.9,7.2,4.5,4.6,3.4
Seychelles,SYC,0,0,8.8,0,0,3,0,0,0,3,3,10,6.2,5.5,0,0.7,1.1,7,3,3.4,1.9,3.9,4,4.5,4.2,3,1.2,3.2,2.5,3.4,3.4
Cabo Verde,CPV,0,0,0,0,7,2,0,0,0,2,4.8,6.4,9.8,6.5,0,1.6,2,0,2.8,1.7,0.9,4.2,3.8,4.5,4.1,5.2,4.6,6.5,5.4,4.8,3.4
Brazil,BRA,2.3,7.8,0,3,4.4,4.1,8.6,0,6,4.1,1.8,6.7,0.1,2.6,1.2,0.6,0.8,0.1,1.4,0.7,1,1.8,4.3,5.5,4.9,2.7,3.8,4,3.5,4.2,3.2
Ghana,GHA,0,5.6,0,0,0.6,1.5,1.7,0,1.2,1.5,4.3,5.9,2.9,4.4,3.3,3.5,4.6,0.1,1.7,2.6,3,3.7,3.6,5.3,4.5,5.7,6.4,7.5,6.5,5.6,3.2
Malaysia,MYS,4.1,5.7,4.7,0,0.8,3.4,3.2,0,2.3,3.4,2.7,4.1,0,2.4,5.4,0.9,1.8,0,2.4,1.3,3.6,3,2.6,3.9,3.3,2,2.6,5.3,3.3,3.3,3.2
Canada,CAN,4.9,4.2,9.4,5.8,2.8,6.1,1,0,0.7,6.1,0.7,1.8,0,0.8,5,0.4,0.4,0.1,0.7,0.4,3,2,3,1.7,2.3,3.8,3.1,1.7,2.9,2.6,3.2
Antigua and Barbuda,ATG,8,0,6.2,8.7,0,5.7,0,0,0,5.7,2.7,0,2,2.5,0,0.1,0.7,0,4.2,1.4,0.7,1.7,5.4,4,4.7,0.6,0.7,3.5,1.6,3.3,3.2
Albania,ALB,6.2,4.2,0,0,5.1,3.5,0.2,0,0.1,3.5,2,2.8,3.4,2.6,0,0.4,1.3,2.1,2.7,1.6,0.9,1.7,0,6.3,6.3,3.3,2.6,5.2,3.7,5.1,3.2
Gabon,GAB,1.8,4,0,0,0.6,1.4,2.4,0,1.7,1.4,2.9,5.4,1,3,1.9,8.3,2.9,1.2,4,4.7,3.5,3.3,0,6.6,6.6,4,6,7.7,5.9,6.2,3.1
Romania,ROU,8.2,7.7,0,0,2.6,4.8,3.4,0,2.4,4.8,2.5,2.4,0,1.9,1.2,1.4,0.9,0,1.2,0.9,1,1.5,4.4,5.1,4.8,3.4,4.4,4.2,4,4.4,3.1
Palau,PLW,2.9,0,2.3,5,0,2.3,0,0,0,2.3,2.7,0,7.3,4.2,0,1.2,1.3,0,2.3,1.2,0.6,2.6,5.9,6.2,6,6,0.5,4.4,3.6,4.9,3.1
Cyprus,CYP,4.7,0.5,4.3,0,1.8,2.5,0.1,0,0.1,2.5,1.6,1.8,0,1.3,8.9,0.1,0.3,0,2.8,0.9,6.3,4.3,0,3,3,3.1,0.3,3,2.2,2.6,3
Grenada,GRD,4.4,0,2.3,7.1,0.7,3.4,0,0,0,3.4,3.2,0,2.2,2.8,0,0.1,0.9,0,5.2,1.8,1,1.9,4.7,4.5,4.6,4.9,0.3,5.8,3.7,4.1,3
Argentina,ARG,5,8.3,0,0,1.8,3.9,2.9,0,2.1,3.9,1.3,5,0.1,1.9,1.7,0.5,0.8,0,1.1,0.6,1.2,1.5,4,6.1,5,2,3.4,3.1,2.8,4,2.9
Cuba,CUB,5.7,3.5,0,8.4,3.6,4.9,0.2,0,0.1,4.9,2.1,4.7,0.2,2.3,0,0.2,0.5,0.3,0.7,0.4,0.2,1.3,2.5,5.6,4.1,4.3,2.8,2.9,3.3,3.7,2.9
Equatorial Guinea,GNQ,0,3.4,0,0,1.1,1,0.1,0,0.1,1,6.1,0,0.5,4.2,0,7.7,4.9,0,1.9,4.3,2.4,3.4,0,8.1,8.1,5.5,6.8,7.7,6.7,7.5,2.9
Marshall Islands,MHL,0.2,0,0,0.4,2.1,0.6,0,0,0,0.6,6.4,0,10,7.6,0,10,2.9,6.7,2.3,6.8,4.2,6.2,7.3,8.2,7.7,9,1.9,7.7,6.2,7,2.9
Oman,OMN,5,3.2,3.5,0,4.4,3.4,1.7,0,1.2,3.4,2.6,4.6,0,2.4,0,0.3,1.4,0,1.3,0.8,0.4,1.5,0,4.9,4.9,2,3.5,4.1,3.2,4.1,2.8
Tunisia,TUN,4,3.9,0,0,3.3,2.4,3.2,0,2.2,2.4,2,3.2,2.6,2.4,0.8,0.5,1,0,1.7,0.8,0.8,1.6,6.4,5.5,5.9,3.5,3.7,5.2,4.1,5.1,2.7
Bulgaria,BGR,6.3,4.9,0,0,2.6,3.2,1.9,0,1.3,3.2,2.7,1.8,0,1.8,2.5,0.5,0.6,0.1,2.7,1,1.8,1.8,3.7,5.3,4.5,2.5,3,2.7,2.7,3.7,2.7
Macedonia FYR,MKD,6.3,3.7,0,0,2.1,2.8,1.5,0,1,2.8,1.9,3.4,2.1,2.3,1.3,0.5,0.5,0.2,2.6,1,1.2,1.8,4.2,5.4,4.8,3,2.5,3.8,3.1,4,2.7
Montenegro,MNE,5.8,4.2,0,0,0,2.4,0,0,0,2.4,1.4,0.9,4.5,2.1,4.3,0.5,0.4,0.2,0.3,0.3,2.5,2.3,4,4.7,4.3,1.9,2.6,4.6,3.1,3.7,2.7
Dominica,DMA,4,0,0,5.5,0,2.2,0,0,0,2.2,3.6,0,6.8,4.7,0,0.5,0.9,0,1.1,0.6,0.3,2.8,0,3.9,3.9,3.2,1.1,3.8,2.7,3.3,2.7
Israel,ISR,5.5,3.9,3,0,2,3.1,4.6,0,3.2,3.1,1,2.4,0,1.1,5.3,0.3,0.3,0,0.5,0.3,3.2,2.2,0,3.2,3.2,2.3,1.5,1.9,1.9,2.6,2.6
Bahamas,BHS,0,0,0,9.1,1.1,3.4,0,0,0,3.4,2.5,4.2,0,2.3,0,3.4,1,0,2.5,1.8,0.9,1.6,0,3.1,3.1,4.7,3.3,2.4,3.5,3.3,2.6
Greece,GRC,7.7,3.2,6.3,0,0.9,4.3,4,0,2.8,4.3,1.5,2.1,0,1.3,2.1,0.3,0.3,0,1.1,0.4,1.3,1.3,2.4,5.1,3.7,3.1,1.4,1.1,1.9,2.9,2.5
Kazakhstan,KAZ,6.8,5.8,0,0,2.8,3.6,3.1,0,2.2,3.6,1.6,2.7,0.2,1.5,0,1.9,1.2,0.1,0.8,1,0.5,1,3.8,6.7,5.3,2,3.8,3.1,3,4.2,2.5
Poland,POL,2.1,6.6,0,0,0.6,2.3,1.8,0,1.2,2.3,1.8,1.9,0,1.4,4.1,0.4,0.4,0,1.1,0.5,2.5,1.9,4.6,3.8,4.2,2.3,1.3,3.4,2.3,3.3,2.5
Japan,JPN,10,7.8,10,8.1,0,8.4,1.3,0,0.9,8.4,0.9,1.8,0,0.9,0.7,0.3,0.2,0,3.2,1,0.9,0.9,1.9,2.2,2.1,3.4,1.4,1.8,2.2,2.1,2.5
New Zealand,NZL,8.4,7.4,9.7,1.1,1.8,6.9,0,0,0,6.9,0.6,2.5,0,0.9,1.4,0.2,0.5,0.1,1.9,0.7,1.1,1,2.6,1.2,1.9,2.8,3.9,1.6,2.8,2.4,2.5
Italy,ITA,6.5,5.9,0,0,1.6,3.4,3.9,0,2.8,3.4,1.2,1.8,0,1.1,3.8,0.5,0.3,0,0.8,0.4,2.3,1.7,2.5,4.9,3.7,2.2,0,0.9,1,2.5,2.4
France,FRA,2.8,7.6,0,0.7,1.3,3.1,3.3,0,2.3,3.1,1,1.1,0,0.8,5.2,0.5,0.3,0,0.5,0.3,3.1,2,3.1,2.5,2.8,3.5,0,1.4,1.6,2.2,2.4
Croatia,HRV,7.1,5,0,0,0.9,3.2,0.1,0,0,3.2,2.1,2.2,0,1.6,1.3,0.3,0.3,0,2.1,0.7,1,1.3,2.8,4.4,3.6,2.8,2.4,3.2,2.8,3.2,2.4
Belarus,BLR,0,5.7,0,0,0,1.5,1.7,0,1.2,1.5,1.4,1.2,0.3,1.1,4.4,1.4,0.3,0.4,1.3,0.9,2.8,2,3,7,5,3.3,2.7,2.8,2.9,4,2.3
Spain,ESP,4.7,5.8,5.1,0,3.8,4.1,2.9,0,2,4.1,1.2,1.9,0,1.1,2,0.6,0.3,0,1.3,0.6,1.3,1.2,0,3.4,3.4,2.7,0.4,0.2,1.1,2.3,2.3
Trinidad and Tobago,TTO,5.4,0,2.9,0.8,2,2.4,0.1,0,0.1,2.4,1.6,4.3,0,1.9,0,1.9,1.6,0,2.7,1.6,0.8,1.4,4.4,5.3,4.8,1.9,0.7,5.3,2.6,3.8,2.3
Barbados,BRB,0,0,1.9,8.2,0.7,3,0,0,0,3,2.7,4.7,0,2.5,0,0.9,1.1,0,1.8,1,0.5,1.6,2.8,2.4,2.6,3.2,0.3,4.5,2.7,2.6,2.3
Suriname,SUR,0,4.2,0,0,0.6,1.1,0,0,0,1.1,2.3,6.2,2.8,3.4,0,1.1,1.7,0,2.8,1.5,0.8,2.2,0,5.7,5.7,2.8,4.3,7.5,4.9,5.3,2.3
Saint Vincent and the Grenadines,VCT,2.5,0,0,4.8,0,1.7,0,0,0,1.7,3.6,0,2.9,3.3,0,0.4,1.5,0,2,1,0.5,2,0,3.5,3.5,4.6,1.2,4.8,3.5,3.5,2.3
Kuwait,KWT,4.2,1.3,0,0,3.3,1.9,3.4,0,2.4,1.9,2.1,3.8,0,2,1.1,0.6,0.6,0,0.6,0.5,0.8,1.4,0,5.4,5.4,1,2.6,3.7,2.4,4.1,2.2
Australia,AUS,3.7,4.2,4.8,3.5,5.8,4.4,0.2,0,0.1,4.4,0.3,1.5,0,0.5,2.8,0.3,0.3,0,1.1,0.4,1.7,1.1,2.4,1.8,2.1,3.3,3.1,0.6,2.3,2.2,2.2
United Arab Emirates,ARE,6.1,2.8,0,0,3.9,2.9,0.1,0,0,2.9,1.9,3.3,0,1.8,0.8,0,0.6,0,1.3,0.5,0.7,1.2,0,2.9,2.9,1.3,3.4,4,2.9,2.9,2.2
Saudi Arabia,SAU,2.8,2.3,0,0,3.9,1.9,4.9,0,3.4,1.9,1.8,4.3,0,2,0,0.2,1.2,0,1.1,0.6,0.3,1.2,0,5.1,5.1,2,3.3,4.9,3.4,4.3,2.1
Slovakia,SVK,4.9,5.6,0,0,1.1,2.7,3.2,0,2.2,2.7,1.8,1.2,0,1.2,1,0.2,0.6,0,2.3,0.8,0.9,1.1,0,4.4,4.4,3.3,1.4,2,2.2,3.4,2.1
Hungary,HUN,3.5,6.4,0,0,2.4,2.9,1.1,0,0.7,2.9,2,2.4,0,1.6,2.6,0.4,0.5,0,2.6,0.9,1.8,1.7,0.9,4.2,2.5,2.4,0,1.9,1.5,2,2.1
Germany,DEU,2.7,7.5,0,0,0.6,2.8,0.2,0,0.2,2.8,0.6,0.7,0,0.5,5.4,0.3,0.3,0,0.8,0.3,3.2,2,2.8,2.1,2.5,2.6,0,0.4,1,1.8,2.1
Czech Republic,CZE,2.1,5.6,0,0,1.1,2,0.1,0,0.1,2,1.4,1.2,0,1,2,0.2,0.4,6.2,1.6,2.5,2.3,1.6,3.3,4.2,3.8,3.2,0,1.4,1.5,2.7,2.1
Austria,AUT,3.8,6.2,0,0,0.6,2.5,0,0,0,2.5,1.1,0.9,0,0.8,4.7,0.5,0.3,0,0.4,0.3,2.8,1.8,0,2.5,2.5,1.9,0.4,2,1.4,2,2.1
Uruguay,URY,0,5.9,0,0,0.9,1.7,0,0,0,1.7,2.5,5,0.1,2.5,0.8,1,1.1,0,2.1,1.1,0.9,1.8,4,3.4,3.7,1.9,2.5,2.2,2.2,3,2.1
Portugal,PRT,6.4,3.5,0,0.9,1.8,2.9,0.1,0,0.1,2.9,2,1.5,0,1.4,0.8,1,0.3,0,0.8,0.5,0.7,1,3.5,3.2,3.3,3,2.8,1.3,2.4,2.9,2
United Kingdom,GBR,0,5.7,0,3.1,0,2.1,5,0,3.5,2.1,0.9,2.6,0,1.1,4.5,0.5,0.4,0,1,0.5,2.7,1.9,2.1,2.2,2.2,2.4,0,1.5,1.3,1.8,1.9
Korea Republic of,KOR,1.9,8.3,0,6.1,0.4,4.2,0.3,0,0.2,4.2,0.9,1.3,0,0.8,0,1,0.3,0,2.4,1,0.5,0.6,1.5,3.6,2.6,3.1,1.2,2.4,2.2,2.4,1.9
Tuvalu,TUV,0.2,0,0.3,0,0.7,0.3,0,0,0,0.3,5.9,0,10,7.3,0,6.9,1.3,0,2.3,3.1,1.7,5.1,0,6.3,6.3,7.7,1.2,5.4,4.7,5.6,1.9
Slovenia,SVN,6.3,4.5,0,0,0.6,2.7,0,0,0,2.7,1.2,0.9,0,0.8,0.9,0.2,0.2,2.6,1.8,1.3,1.1,0.9,0.8,3.6,2.2,2.6,0,2.2,1.6,1.9,1.7
Ireland,IRL,0,3.8,0,4.6,0,1.9,0,0,0,1.9,0.8,1.9,0,0.9,3,0.4,0.3,0,0.2,0.2,1.7,1.3,0,2.4,2.4,3.4,0.3,0.9,1.6,2,1.7
Lithuania,LTU,0,4.6,0,0,1.3,1.4,0.1,0,0.1,1.4,1.8,2.3,0,1.5,1.2,0.9,0.4,0,1.3,0.7,0.9,1.2,0,3.8,3.8,1.9,1,2.6,1.8,2.9,1.7
Netherlands,NLD,1.8,6.1,0,0,0,2,0.1,0,0.1,2,0.5,0.8,0,0.5,4.7,0.3,0.3,0,1.2,0.5,2.8,1.7,2.1,1.6,1.8,2.5,0,0.4,0.9,1.4,1.7
Belgium,BEL,2.6,4.5,0,0,0,1.6,0.1,0,0.1,1.6,1.1,1.4,0,0.9,4.3,0.4,0.3,0,0.3,0.3,2.5,1.7,0,2.2,2.2,3,0,0.4,1.1,1.7,1.7
Latvia,LVA,0,4,0,0,0,1,0.1,0,0,1,2.1,2.7,0,1.7,0.9,1.4,0.6,0,1.6,0.9,0.9,1.3,0,4,4,2.5,1.1,3.7,2.5,3.3,1.6
Liechtenstein,LIE,5.2,3,0,0,0,1.9,0,0,0,1.9,0.9,0,0,0.6,2,0,0,0,0.7,0.3,1.2,0.9,0,1.5,1.5,3,0,0,3,2.3,1.6
Switzerland,CHE,3.1,5.6,0,0,0.6,2.2,0.1,0,0.1,2.2,0.5,1.3,0,0.6,3.7,0.5,0.3,0,0.8,0.4,2.2,1.4,1.1,1.4,1.3,2.4,0,0.6,1,1.1,1.5
Qatar,QAT,0.3,0.7,0,0,3.3,1,0,0,0,1,1.5,5.5,0,2.1,0.8,1.1,0.6,0,1,0.7,0.7,1.5,0,3,3,1.4,1.5,2.6,1.8,2.4,1.5
Sweden,SWE,0,3.8,0,0,0,0.9,0,0,0,0.9,0.8,0.4,0,0.5,6,0.3,0.2,0,1.4,0.5,3.8,2.3,2.8,1.2,2,2.3,0.5,0.3,1,1.5,1.5
Iceland,ISL,5.5,0,0,0.2,0,1.4,0,0,0,1.4,0.9,1.2,0,0.7,1.1,0.3,0.2,0,1.2,0.4,0.8,0.8,0,2.1,2.1,2.6,3.1,1.2,2.3,2.2,1.3
Maldives,MDV,0,0,1.2,0,0,0.3,0,0,0,0.3,2.2,3.4,4.1,3,0,0.7,2.4,0,2.7,1.5,0.8,1.9,5.8,5.6,5.7,2.6,2.8,4.6,3.4,4.6,1.3
Estonia,EST,0,2.7,0,0,0,0.6,0.1,0,0.1,0.6,1.7,2.4,0,1.4,0.8,1.6,0.3,0,1.8,0.9,0.9,1.2,0,3.1,3.1,1.5,0.7,2.8,1.7,2.4,1.2
Lu0embourg,LU0,0,2.9,0,0,0,0.7,0,0,0,0.7,1.1,1.7,0,1,3.2,0.4,0.2,0,0.7,0.3,1.9,1.4,0,1.9,1.9,1.8,0.9,1.3,1.3,1.6,1.1
Denmark,DNK,0,3,0,0,0.4,0.7,0,0,0,0.7,0.8,0.8,0,0.6,3.8,0.3,0.3,0,1,0.4,2.3,1.5,0,1,1,2.5,0,1.3,1.2,1.1,1.1
Bahrain,BHR,0,1,0,0,0,0.2,0.9,0,0.6,0.2,2.1,3.4,0,1.9,1.1,0.5,0.5,0,1.4,0.6,0.9,1.4,3.8,4.5,4.2,1.2,0,4.4,1.9,3.1,1
Brunei Darussalam,BRN,0,0,0,0,1.1,0.2,0,0,0,0.2,1.5,0,0,1,0,1.6,0.8,0,2.1,1.2,0.6,0.8,6,3.6,4.8,2.4,6.5,4.2,4.4,4.6,1
Norway,NOR,0.9,0,0,0.1,0,0.2,0,0,0,0.2,0.1,0.6,0,0.2,4.9,0.3,0.2,0,1,0.4,3,1.7,2.5,1.3,1.9,2.4,2.7,0.4,1.9,1.9,0.9
Sao Tome and Principe,STP,0,0,0,0,0,0,0,0,0,0,4.9,6.5,10,6.6,0,1.9,3.6,0,2.1,2,1,4.4,0,6.1,6.1,6.7,5.2,5.7,5.9,6,0
Nauru,NRU,4.5,0,0,0,0,1.1,0,0,0,1.1,5.1,0,5,5.1,0,1.7,1.9,0,2.3,1.5,0.8,3.2,8.1,6.2,7.1,6.9,,6.1,,,
